-- phpMyAdmin SQL Dump
-- version 3.2.0.1
-- http://www.phpmyadmin.net
--
-- 主机: localhost
-- 生成日期: 2012 年 12 月 06 日 08:54
-- 服务器版本: 5.5.8
-- PHP 版本: 5.3.3

SET SQL_MODE="NO_AUTO_VALUE_ON_ZERO";


/*!40101 SET @OLD_CHARACTER_SET_CLIENT=@@CHARACTER_SET_CLIENT */;
/*!40101 SET @OLD_CHARACTER_SET_RESULTS=@@CHARACTER_SET_RESULTS */;
/*!40101 SET @OLD_COLLATION_CONNECTION=@@COLLATION_CONNECTION */;
/*!40101 SET NAMES utf8 */;

--
-- 数据库: `meilishuo`
--

-- --------------------------------------------------------

--
-- 表的结构 `meili_admin`
--

CREATE TABLE IF NOT EXISTS `meili_admin` (
  `id` int(11) NOT NULL AUTO_INCREMENT,
  `adminname` varchar(30) NOT NULL,
  `roleid` int(11) NOT NULL,
  `password` char(32) NOT NULL,
  `addtime` int(11) NOT NULL,
  `logintime` int(11) NOT NULL,
  `loginip` varchar(25) NOT NULL,
  `status` tinyint(4) NOT NULL DEFAULT '1',
  PRIMARY KEY (`id`),
  UNIQUE KEY `adminname` (`adminname`)
) ENGINE=MyISAM  DEFAULT CHARSET=utf8 AUTO_INCREMENT=7 ;

--
-- 转存表中的数据 `meili_admin`
--

INSERT INTO `meili_admin` (`id`, `adminname`, `roleid`, `password`, `addtime`, `logintime`, `loginip`, `status`) VALUES
(1, 'admin', 1, '4297f44b13955235245b2497399d7a93', 1354537827, 1354782595, '127.0.0.1', 1),
(2, '管理员1号', 1, '4297f44b13955235245b2497399d7a93', 1354539805, 1354585887, '192.168.70.246', 0),
(3, '店小二1号', 2, '4297f44b13955235245b2497399d7a93', 1354539883, 1354585933, '192.168.70.246', 1),
(4, '管理员2号', 1, '4297f44b13955235245b2497399d7a93', 1354581831, 0, '', 1),
(5, '店小二2号', 2, '4297f44b13955235245b2497399d7a93', 1354581848, 0, '', 1),
(6, '管理员3号', 1, '4297f44b13955235245b2497399d7a93', 1354585993, 0, '', 1);

-- --------------------------------------------------------

--
-- 表的结构 `meili_advert`
--

CREATE TABLE IF NOT EXISTS `meili_advert` (
  `id` int(11) NOT NULL AUTO_INCREMENT,
  `title` varchar(30) NOT NULL,
  `picname` varchar(30) NOT NULL,
  `starttime` int(11) NOT NULL,
  `endtime` int(11) NOT NULL,
  `status` tinyint(4) NOT NULL DEFAULT '0',
  PRIMARY KEY (`id`),
  UNIQUE KEY `picname` (`picname`)
) ENGINE=MyISAM DEFAULT CHARSET=utf8 AUTO_INCREMENT=1 ;

--
-- 转存表中的数据 `meili_advert`
--


-- --------------------------------------------------------

--
-- 表的结构 `meili_album`
--

CREATE TABLE IF NOT EXISTS `meili_album` (
  `id` int(11) NOT NULL AUTO_INCREMENT,
  `albumname` varchar(150) NOT NULL DEFAULT '默认专辑',
  `addtime` int(11) NOT NULL,
  `uid` int(11) NOT NULL,
  `picname` varchar(30) NOT NULL,
  `albumcid` int(11) NOT NULL,
  `description` text NOT NULL,
  `status` tinyint(4) NOT NULL DEFAULT '1',
  `recommend` tinyint(4) NOT NULL DEFAULT '0',
  PRIMARY KEY (`id`)
) ENGINE=MyISAM  DEFAULT CHARSET=utf8 AUTO_INCREMENT=18 ;

--
-- 转存表中的数据 `meili_album`
--

INSERT INTO `meili_album` (`id`, `albumname`, `addtime`, `uid`, `picname`, `albumcid`, `description`, `status`, `recommend`) VALUES
(1, 'www111', 1354542536, 2, '20121203214856_2.png', 1, '', 1, 0),
(2, 'www222', 1354544278, 2, '20121203221758_2.png', 2, '', 1, 0),
(3, 'www333', 1354544284, 2, '20121203221804_2.png', 3, '', 1, 0),
(4, 'www444', 1354544290, 2, '20121203221810_2.png', 4, '', 1, 0),
(5, '冬天-棉衣的世界', 1354549000, 13, '20121203233640_13.png', 1, '', 1, 0),
(6, '甜美的冬天', 1354549012, 13, '20121203233652_13.png', 1, '', 1, 0),
(7, '潮人范儿~~', 1354549028, 13, '20121203233708_13.png', 3, '', 1, 0),
(8, '居家伴侣', 1354549049, 13, '20121203233729_13.png', 2, '', 1, 0),
(9, '秋冬季节的温暖--棉衣、大衣~~~', 1354549133, 13, '20121203233853_13.png', 3, '', 1, 0),
(10, '1去2345', 1354549143, 13, '20121203233903_13.png', 2, '', 1, 0),
(11, '3任天野', 1354549155, 13, '20121203233915_13.png', 4, '其驱蚊器', 1, 0),
(12, '默认专辑', 1354581374, 1, '20121204083614_1.png', 0, '', 1, 0),
(13, '暖暖的冬天~~', 1354581424, 1, '20121204083704_1.png', 3, '', 1, 0),
(14, '冬天保暖秘籍~~', 1354581441, 1, '20121204083721_1.png', 1, '', 1, 0),
(15, '随便看看~~', 1354581668, 32, '20121204084108_32.png', 1, '', 1, 0),
(16, '阿萨德个一', 1354581727, 32, '20121204084207_32.png', 3, '', 1, 0),
(17, '121412141214', 1354585397, 35, '20121204094317_35.png', 4, '', 1, 0);

-- --------------------------------------------------------

--
-- 表的结构 `meili_album_cate`
--

CREATE TABLE IF NOT EXISTS `meili_album_cate` (
  `id` int(11) NOT NULL AUTO_INCREMENT,
  `catename` varchar(20) NOT NULL,
  `status` tinyint(4) NOT NULL DEFAULT '1',
  PRIMARY KEY (`id`)
) ENGINE=MyISAM  DEFAULT CHARSET=utf8 AUTO_INCREMENT=5 ;

--
-- 转存表中的数据 `meili_album_cate`
--

INSERT INTO `meili_album_cate` (`id`, `catename`, `status`) VALUES
(1, '时尚', 1),
(2, '家居', 1),
(3, '生活', 1),
(4, '其他', 1);

-- --------------------------------------------------------

--
-- 表的结构 `meili_album_goods`
--

CREATE TABLE IF NOT EXISTS `meili_album_goods` (
  `id` int(11) NOT NULL AUTO_INCREMENT,
  `aid` int(11) NOT NULL,
  `gid` int(11) NOT NULL,
  PRIMARY KEY (`id`)
) ENGINE=MyISAM  DEFAULT CHARSET=utf8 AUTO_INCREMENT=98 ;

--
-- 转存表中的数据 `meili_album_goods`
--

INSERT INTO `meili_album_goods` (`id`, `aid`, `gid`) VALUES
(1, 1, 78),
(2, 1, 77),
(3, 1, 76),
(4, 1, 75),
(5, 2, 74),
(6, 2, 73),
(7, 2, 72),
(8, 2, 70),
(9, 3, 68),
(10, 3, 67),
(11, 3, 69),
(12, 3, 66),
(13, 4, 64),
(14, 4, 63),
(15, 4, 65),
(16, 4, 62),
(17, 1, 57),
(18, 2, 60),
(19, 3, 61),
(20, 4, 59),
(21, 3, 55),
(22, 3, 56),
(23, 4, 54),
(24, 1, 84),
(25, 1, 83),
(26, 1, 82),
(27, 1, 80),
(28, 5, 110),
(29, 5, 114),
(30, 5, 113),
(31, 5, 112),
(32, 5, 106),
(33, 5, 109),
(34, 5, 108),
(35, 5, 101),
(37, 6, 110),
(38, 6, 106),
(39, 6, 109),
(40, 6, 112),
(41, 6, 113),
(42, 6, 108),
(43, 6, 103),
(44, 6, 101),
(97, 13, 107),
(46, 7, 95),
(47, 7, 93),
(48, 7, 94),
(49, 7, 90),
(50, 12, 29),
(51, 12, 30),
(52, 12, 31),
(53, 12, 26),
(54, 13, 29),
(55, 13, 25),
(56, 13, 30),
(57, 13, 27),
(58, 13, 23),
(59, 13, 24),
(60, 13, 22),
(61, 13, 20),
(63, 14, 12),
(64, 14, 16),
(65, 14, 17),
(66, 14, 18),
(67, 14, 7),
(68, 14, 10),
(69, 14, 6),
(70, 14, 88),
(71, 14, 87),
(72, 14, 79),
(73, 14, 74),
(74, 14, 72),
(75, 15, 110),
(76, 15, 114),
(77, 15, 113),
(78, 15, 107),
(79, 15, 112),
(80, 15, 109),
(81, 15, 108),
(82, 15, 105),
(83, 15, 101),
(84, 15, 100),
(85, 15, 99),
(86, 16, 102),
(87, 16, 98),
(96, 17, 76),
(89, 16, 95),
(90, 16, 96),
(91, 16, 93),
(92, 16, 91),
(93, 16, 92),
(94, 16, 90);

-- --------------------------------------------------------

--
-- 表的结构 `meili_article`
--

CREATE TABLE IF NOT EXISTS `meili_article` (
  `id` int(11) NOT NULL AUTO_INCREMENT,
  `title` varchar(50) NOT NULL,
  `content` text NOT NULL,
  `status` tinyint(4) NOT NULL DEFAULT '1',
  PRIMARY KEY (`id`),
  UNIQUE KEY `title` (`title`)
) ENGINE=MyISAM DEFAULT CHARSET=utf8 AUTO_INCREMENT=1 ;

--
-- 转存表中的数据 `meili_article`
--


-- --------------------------------------------------------

--
-- 表的结构 `meili_flink`
--

CREATE TABLE IF NOT EXISTS `meili_flink` (
  `id` int(11) NOT NULL AUTO_INCREMENT,
  `title` varchar(30) NOT NULL,
  `url` varchar(50) NOT NULL,
  `whois` varchar(50) NOT NULL,
  `starttime` int(11) NOT NULL,
  `endtime` int(11) NOT NULL,
  `status` tinyint(4) NOT NULL DEFAULT '0',
  PRIMARY KEY (`id`),
  UNIQUE KEY `url` (`url`)
) ENGINE=MyISAM  DEFAULT CHARSET=utf8 AUTO_INCREMENT=8 ;

--
-- 转存表中的数据 `meili_flink`
--

INSERT INTO `meili_flink` (`id`, `title`, `url`, `whois`, `starttime`, `endtime`, `status`) VALUES
(2, '新浪', 'www.sina.com', '孙正义', 1352711446, 1354007448, 0),
(4, '凡客', 'www.vancl.com', '陈年', 1353921134, 1385543537, 1),
(3, '百度', 'www.baidu.com', '李彦宏', 1353921109, 1385457112, 1),
(5, '360', 'www.360.com', '周鸿祎', 1353921167, 1416993169, 1),
(6, '搜狐', 'www.sohu.com', '张朝阳', 1353921203, 1416993207, 1),
(7, '创新工场', 'www.chuangxin.com', '李开复', 1353921240, 1385457242, 1);

-- --------------------------------------------------------

--
-- 表的结构 `meili_focus`
--

CREATE TABLE IF NOT EXISTS `meili_focus` (
  `id` int(11) NOT NULL AUTO_INCREMENT,
  `picname` varchar(30) NOT NULL,
  `status` tinyint(4) NOT NULL DEFAULT '1',
  PRIMARY KEY (`id`),
  UNIQUE KEY `picname` (`picname`)
) ENGINE=MyISAM DEFAULT CHARSET=utf8 AUTO_INCREMENT=1 ;

--
-- 转存表中的数据 `meili_focus`
--


-- --------------------------------------------------------

--
-- 表的结构 `meili_goods`
--

CREATE TABLE IF NOT EXISTS `meili_goods` (
  `id` int(11) NOT NULL AUTO_INCREMENT,
  `goodsname` varchar(150) NOT NULL,
  `goodscid` int(11) NOT NULL,
  `uid` int(11) NOT NULL,
  `username` varchar(32) NOT NULL,
  `aid` int(11) NOT NULL,
  `addtime` int(11) NOT NULL,
  `picname` varchar(150) NOT NULL,
  `buyurl` varchar(150) NOT NULL,
  `price` double(6,2) NOT NULL,
  `description` text NOT NULL,
  `hits` int(11) NOT NULL,
  `likesnum` int(11) NOT NULL,
  `comments` int(11) NOT NULL,
  `status` tinyint(4) NOT NULL DEFAULT '1',
  PRIMARY KEY (`id`)
) ENGINE=MyISAM  DEFAULT CHARSET=utf8 AUTO_INCREMENT=116 ;

--
-- 转存表中的数据 `meili_goods`
--

INSERT INTO `meili_goods` (`id`, `goodsname`, `goodscid`, `uid`, `username`, `aid`, `addtime`, `picname`, `buyurl`, `price`, `description`, `hits`, `likesnum`, `comments`, `status`) VALUES
(1, '123123', 6, 1, '余法明', 0, 1354540204, '20121203211004_462.jpg', '', 50.00, '1', 0, 0, 0, 1),
(2, '123111', 6, 1, '余法明', 0, 1354540223, '20121203211023_918.jpg', '', 100.00, '2', 0, 0, 0, 1),
(3, '123123', 6, 1, '余法明', 0, 1354540240, '20121203211040_551.jpg', '', 60.00, '3', 0, 0, 0, 1),
(4, '121212', 6, 1, '余法明', 0, 1354540259, '20121203211059_984.jpg', '', 100.00, '4', 0, 0, 0, 1),
(5, '红色衣服', 7, 1, '余法明', 0, 1354540326, '20121203211206_615.jpg', '', 80.00, '5', 0, 0, 0, 1),
(6, '阿斯蒂芬', 6, 1, '余法明', 0, 1354540353, '20121203211233_856.jpg', '', 76.00, '6', 0, 0, 0, 1),
(7, '123112', 6, 1, '余法明', 0, 1354540375, '20121203211255_383.jpg', '', 200.00, '7', 0, 0, 0, 1),
(8, '122112', 6, 1, '余法明', 0, 1354540395, '20121203211315_842.jpg', '', 88.00, '8', 0, 0, 0, 1),
(9, '234565', 7, 1, '余法明', 0, 1354540420, '20121203211340_824.jpg', '', 67.00, '9', 0, 0, 0, 1),
(10, '123421', 7, 1, '余法明', 0, 1354540445, '20121203211405_398.jpg', '', 123.00, '10', 0, 0, 0, 1),
(11, '124311', 8, 1, '余法明', 0, 1354540471, '20121203211431_696.jpg', '', 121.00, '11', 0, 0, 0, 1),
(12, '12435321', 8, 1, '余法明', 0, 1354540483, '20121203211443_224.jpg', '', 2345.00, '12', 0, 0, 0, 1),
(13, '231121', 8, 1, '余法明', 0, 1354540501, '20121203211501_719.jpg', '', 123.00, '213', 0, 0, 0, 1),
(14, '213212', 9, 1, '余法明', 0, 1354540517, '20121203211517_163.jpg', '', 21.00, '', 0, 0, 0, 1),
(15, '123431', 8, 1, '余法明', 0, 1354540548, '20121203211548_573.jpg', '', 132.00, '17', 0, 0, 0, 1),
(16, '撒121去', 7, 1, '余法明', 0, 1354540602, '20121203211642_730.jpg', '', 123.00, '1231', 0, 0, 0, 1),
(17, '112312', 21, 1, '余法明', 0, 1354540617, '20121203211657_607.jpg', '', 123.00, '12', 0, 0, 0, 1),
(18, '132123', 21, 1, '余法明', 0, 1354540634, '20121203211714_251.jpg', '', 99.00, '1', 0, 0, 0, 1),
(19, '112231', 22, 1, '余法明', 0, 1354540652, '20121203211732_364.jpg', '', 78.00, '去', 0, 1, 0, 1),
(20, '冬天的战衣', 23, 1, '余法明', 0, 1354540693, '20121203211813_189.jpg', '', 345.00, '12', 0, 1, 0, 1),
(21, '1232我', 7, 1, '余法明', 0, 1354540712, '20121203211832_779.jpg', '', 12.00, '1', 0, 1, 0, 1),
(22, '12141211', 14, 1, '余法明', 0, 1354540738, '20121203211858_189.jpg', '', 199.00, '期望', 0, 1, 0, 1),
(23, '1341啊', 22, 1, '余法明', 0, 1354540755, '20121203211915_202.jpg', '', 121.00, '21', 0, 1, 0, 1),
(24, '2345111', 24, 1, '余法明', 0, 1354540774, '20121203211934_731.jpg', '', 122.00, '1', 0, 1, 0, 1),
(25, '213565', 14, 1, '余法明', 0, 1354540789, '20121203211949_503.jpg', '', 565.00, '6', 0, 0, 0, 1),
(26, '5678775', 18, 1, '余法明', 0, 1354540804, '20121203212004_792.jpg', '', 75.00, '', 0, 0, 0, 1),
(27, '765454', 17, 1, '余法明', 0, 1354540816, '20121203212016_532.jpg', '', 5.00, '', 0, 1, 0, 1),
(28, '666666', 19, 1, '余法明', 0, 1354540828, '20121203212028_450.jpg', '', 56.00, '56', 0, 0, 0, 1),
(29, '765562', 20, 1, '余法明', 0, 1354540847, '20121203212047_185.jpg', '', 256.00, '', 0, 0, 0, 1),
(30, '434563五', 22, 1, '余法明', 0, 1354540865, '20121203212105_580.jpg', '', 45.00, '', 0, 0, 0, 1),
(31, '456643', 26, 1, '余法明', 0, 1354540885, '20121203212125_227.jpg', '', 456.00, '65', 0, 1, 0, 1),
(32, '鞋子啊', 17, 1, '余法明', 0, 1354540925, '20121203212205_976.jpg', '', 54.00, '', 0, 0, 0, 1),
(33, '445362', 7, 1, '余法明', 0, 1354540952, '20121203212232_725.jpg', '', 323.00, '', 0, 0, 0, 1),
(34, '325533', 7, 1, '余法明', 0, 1354540970, '20121203212250_597.jpg', '', 89.00, '', 0, 0, 0, 1),
(35, '2345652', 14, 1, '余法明', 0, 1354540983, '20121203212303_979.jpg', '', 55.00, '5', 0, 0, 0, 1),
(36, '535376', 13, 1, '余法明', 0, 1354540997, '20121203212317_719.jpg', '', 56.00, '', 0, 0, 0, 1),
(37, '546733', 13, 1, '余法明', 0, 1354541011, '20121203212331_236.jpg', '', 434.00, '', 0, 1, 0, 1),
(38, '434346', 13, 1, '余法明', 0, 1354541022, '20121203212342_142.jpg', '', 4.00, '', 0, 0, 0, 1),
(39, '435762', 7, 1, '余法明', 0, 1354541036, '20121203212356_295.jpg', '', 45.00, '', 0, 0, 0, 1),
(40, '3234362', 12, 1, '余法明', 0, 1354541059, '20121203212419_900.jpg', '', 223.00, '', 0, 0, 0, 1),
(41, '2352213', 26, 1, '余法明', 0, 1354541072, '20121203212432_314.jpg', '', 12.00, '', 0, 0, 0, 1),
(42, '234124', 31, 1, '余法明', 0, 1354541087, '20121203212447_331.jpg', '', 141.00, '', 0, 0, 0, 1),
(43, '24121245', 26, 1, '余法明', 0, 1354541099, '20121203212459_108.jpg', '', 34.00, '', 0, 1, 0, 1),
(44, '1235632', 31, 1, '余法明', 0, 1354541114, '20121203212514_554.jpg', '', 546.00, '', 0, 0, 0, 1),
(45, '4365223', 31, 1, '余法明', 0, 1354541134, '20121203212534_889.jpg', '', 2352.00, '', 0, 0, 0, 1),
(46, '234322', 30, 1, '余法明', 0, 1354541160, '20121203212600_489.jpg', '', 43.00, '', 0, 0, 0, 1),
(47, '包包啊', 36, 1, '余法明', 0, 1354541246, '20121203212726_886.jpg', '', 123.00, '这是一个包包', 0, 0, 0, 1),
(48, '好看的包包', 36, 1, '余法明', 0, 1354541280, '20121203212800_590.jpg', '', 332.00, '', 0, 0, 0, 1),
(49, '很好看的包包', 36, 1, '余法明', 0, 1354541308, '20121203212828_126.jpg', '', 32.00, '', 0, 0, 0, 1),
(50, '好看的包包', 36, 1, '余法明', 0, 1354541355, '20121203212915_358.jpg', '', 199.00, '', 0, 1, 0, 1),
(51, '18794932', 37, 1, '余法明', 0, 1354541391, '20121203212951_623.jpg', '', 1231.00, '', 0, 0, 0, 1),
(52, '173491', 37, 1, '余法明', 0, 1354541419, '20121203213019_416.jpg', '', 2121.00, '', 0, 0, 0, 1),
(53, '323552', 20, 1, '余法明', 0, 1354542449, '20121203214729_349.jpg', '', 78.00, '', 0, 0, 0, 1),
(54, '32234214', 6, 2, '吴伟民', 0, 1354542568, '20121203214928_473.jpg', '', 424.00, '', 0, 0, 0, 1),
(55, '232345151', 7, 2, '吴伟民', 0, 1354542604, '20121203215004_147.jpg', '', 214.00, '', 0, 0, 0, 1),
(56, '323252', 7, 2, '吴伟民', 0, 1354542640, '20121203215040_300.jpg', '', 34.00, '', 0, 1, 0, 1),
(57, '3252335', 7, 2, '吴伟民', 0, 1354542677, '20121203215117_155.jpg', '', 325.00, '', 0, 0, 0, 1),
(60, '251526131', 3, 2, '吴伟民', 0, 1354542755, '20121203215235_893.jpg', '', 232.00, '', 0, 0, 0, 1),
(59, '23525315', 17, 2, '吴伟民', 0, 1354542737, '20121203215217_707.jpg', '', 235.00, '', 0, 2, 0, 1),
(61, '12723425', 39, 2, '吴伟民', 0, 1354542772, '20121203215252_419.jpg', '', 235.00, '', 0, 1, 0, 1),
(62, '126325361', 33, 2, '吴伟民', 0, 1354542790, '20121203215310_413.jpg', '', 2352.00, '', 0, 1, 2, 1),
(63, '235255', 19, 2, '吴伟民', 0, 1354542807, '20121203215327_921.jpg', '', 262.00, '', 0, 0, 0, 1),
(64, '12423425', 14, 2, '吴伟民', 0, 1354543269, '20121203220109_161.jpg', '', 234.00, '', 0, 0, 0, 1),
(65, '12414521', 38, 2, '吴伟民', 0, 1354543286, '20121203220126_639.jpg', '', 2342.00, '', 0, 0, 0, 1),
(66, '2343151', 18, 2, '吴伟民', 0, 1354543299, '20121203220139_323.jpg', '', 32.00, '', 0, 0, 0, 1),
(67, '151553235', 17, 2, '吴伟民', 0, 1354543313, '20121203220153_992.jpg', '', 2325.00, '', 0, 0, 0, 1),
(68, '4363346', 16, 2, '吴伟民', 0, 1354543340, '20121203220220_198.jpg', '', 3463.00, '', 0, 0, 0, 1),
(69, '3463636', 20, 2, '吴伟民', 0, 1354543354, '20121203220234_863.jpg', '', 9999.99, '', 0, 0, 0, 1),
(70, '436346346', 23, 2, '吴伟民', 0, 1354543372, '20121203220252_851.jpg', '', 354.00, '', 0, 0, 0, 1),
(72, '343463', 41, 2, '吴伟民', 0, 1354543412, '20121203220332_234.jpg', '', 9999.99, '3636', 0, 0, 0, 1),
(73, '2525226433', 30, 2, '吴伟民', 0, 1354543431, '20121203220351_620.jpg', '', 9999.99, '', 0, 0, 0, 1),
(74, '3445645', 26, 2, '吴伟民', 0, 1354543447, '20121203220407_884.jpg', '', 5654.00, '', 0, 0, 0, 1),
(75, '5675446', 31, 2, '吴伟民', 0, 1354543482, '20121203220442_476.jpg', '', 474.00, '', 0, 0, 0, 1),
(76, 'rwrw3r3', 2, 2, '吴伟民', 0, 1354543714, '20121203220834_419.jpg', '', 33.00, '', 0, 2, 2, 1),
(77, 'r3r3r3r', 3, 2, '吴伟民', 0, 1354543729, '20121203220849_476.jpg', '', 3535.00, '', 0, 0, 0, 1),
(78, '234235', 2, 2, '吴伟民', 0, 1354544258, '20121203221738_593.jpg', '', 34.00, '', 0, 0, 0, 1),
(79, '352523', 9, 2, '吴伟民', 0, 1354545024, '20121203223024_290.jpg', '', 9999.99, '', 0, 0, 0, 1),
(80, '3463463', 9, 2, '吴伟民', 0, 1354545043, '20121203223043_197.jpg', '', 3456.00, '', 0, 0, 0, 1),
(81, '好包包', 37, 1, '余法明', 0, 1354545057, '20121203223057_578.jpg', '', 89.00, '', 0, 0, 0, 1),
(82, '756856885', 9, 2, '吴伟民', 0, 1354545059, '20121203223059_634.jpg', '', 9999.99, '', 0, 0, 0, 1),
(83, '5685856856', 9, 2, '吴伟民', 0, 1354545073, '20121203223113_737.jpg', '', 9999.99, '', 0, 0, 0, 1),
(84, '88856757', 9, 2, '吴伟民', 0, 1354545093, '20121203223133_753.jpg', '', 767.00, '', 0, 0, 0, 1),
(85, '包包12', 38, 1, '余法明', 0, 1354545095, '20121203223135_411.jpg', '', 199.00, '', 0, 0, 0, 1),
(86, 'ttttttttttt4', 12, 2, '吴伟民', 0, 1354545209, '20121203223329_447.jpg', '', 99.00, '', 0, 0, 0, 1),
(87, '98989898', 12, 2, '吴伟民', 0, 1354545222, '20121203223342_898.jpg', '', 98.00, '', 0, 0, 0, 1),
(88, 'T恤~~~~', 8, 1, '余法明', 0, 1354545234, '20121203223355_609.jpg', '', 199.00, '', 0, 0, 0, 1),
(89, '97979797', 12, 2, '吴伟民', 0, 1354545239, '20121203223359_494.jpg', '', 97.00, '', 0, 1, 0, 1),
(90, '1231T恤', 8, 1, '余法明', 0, 1354545259, '20121203223419_329.jpg', '', 133.00, '', 0, 1, 0, 1),
(91, '969696962', 12, 2, '吴伟民', 0, 1354545274, '20121203223434_386.jpg', '', 24.00, '', 0, 1, 0, 1),
(92, '95959595', 12, 2, '吴伟民', 0, 1354545289, '20121203223449_315.jpg', '', 95.00, '', 0, 1, 0, 1),
(93, '9499494949', 12, 2, '吴伟民', 0, 1354545305, '20121203223505_672.jpg', '', 94.00, '', 0, 1, 0, 1),
(94, '132123', 8, 1, '余法明', 0, 1354545306, '20121203223506_989.jpg', '', 432.00, '', 0, 0, 0, 1),
(95, '9393939393', 12, 2, '吴伟民', 0, 1354545319, '20121203223519_198.jpg', '', 93.00, '', 0, 1, 0, 1),
(96, '阿尔泰', 8, 1, '余法明', 0, 1354545328, '20121203223528_429.jpg', '', 323.00, '', 0, 1, 0, 1),
(98, '32435675', 8, 1, '余法明', 0, 1354545414, '20121203223654_375.jpg', '', 166.00, '', 0, 0, 0, 1),
(99, '92969679', 12, 2, '吴伟民', 0, 1354545441, '20121203223721_457.jpg', '', 253.00, '', 0, 1, 0, 1),
(100, '牛仔裤', 9, 1, '余法明', 0, 1354545459, '20121203223739_874.jpg', '', 199.00, '', 0, 0, 0, 1),
(101, '345344636', 25, 2, '吴伟民', 0, 1354545487, '20121203223807_986.jpg', '', 36.00, '', 0, 1, 0, 1),
(102, '好看的牛仔裤', 9, 1, '余法明', 0, 1354545488, '20121203223808_108.jpg', '', 189.00, '', 0, 1, 0, 1),
(103, '346436346', 25, 2, '吴伟民', 0, 1354545505, '20121203223825_560.jpg', '', 9999.99, '', 0, 1, 0, 1),
(104, '12345牛仔裤', 9, 1, '余法明', 0, 1354545513, '20121203223833_761.jpg', '', 299.00, '', 0, 1, 0, 1),
(105, '34634636', 25, 2, '吴伟民', 0, 1354545525, '20121203223845_933.jpg', '', 9999.99, '', 0, 1, 0, 1),
(106, '好好看牛仔裤', 9, 1, '余法明', 0, 1354545552, '20121203223912_366.jpg', '', 299.00, '', 0, 1, 0, 1),
(107, '好看的衬衫', 6, 1, '余法明', 0, 1354545592, '20121203223952_890.jpg', '', 123.00, '', 0, 1, 0, 1),
(108, '88568568', 32, 2, '吴伟民', 0, 1354545601, '20121203224001_732.jpg', '', 58.00, '5885', 0, 1, 0, 1),
(109, '58568568', 32, 2, '吴伟民', 0, 1354545616, '20121203224016_901.jpg', '', 9999.99, '', 0, 1, 0, 1),
(110, '好好看的衬衫', 6, 1, '余法明', 0, 1354545617, '20121203224017_507.jpg', '', 3233.00, '', 0, 1, 1, 1),
(112, '546456', 27, 2, '吴伟民', 0, 1354545710, '20121203224150_999.jpg', '', 46.00, '', 0, 0, 0, 1),
(113, 'ry5yr5y', 29, 2, '吴伟民', 0, 1354545745, '20121203224225_778.jpg', '', 555.00, '', 0, 0, 0, 1),
(114, 'r23v23v', 40, 2, '吴伟民', 0, 1354545777, '20121203224257_451.jpg', '', 343.00, '', 0, 0, 0, 1);

-- --------------------------------------------------------

--
-- 表的结构 `meili_goods_cate`
--

CREATE TABLE IF NOT EXISTS `meili_goods_cate` (
  `id` int(11) NOT NULL AUTO_INCREMENT,
  `catename` varchar(50) DEFAULT NULL,
  `pid` int(11) NOT NULL,
  `status` tinyint(4) DEFAULT '1',
  `likesnum` int(11) DEFAULT NULL,
  `ishot` tinyint(4) DEFAULT '0',
  `assem` varchar(50) NOT NULL,
  PRIMARY KEY (`id`)
) ENGINE=MyISAM  DEFAULT CHARSET=utf8 AUTO_INCREMENT=42 ;

--
-- 转存表中的数据 `meili_goods_cate`
--

INSERT INTO `meili_goods_cate` (`id`, `catename`, `pid`, `status`, `likesnum`, `ishot`, `assem`) VALUES
(1, '所有', 0, 1, 10000, 0, '0'),
(2, '衣服', 1, 1, 90, 0, '0-1'),
(3, '鞋子', 1, 1, 1000, 0, '0-1'),
(4, '当季热款', 2, 1, 100, 0, '0-1-2'),
(5, '当季热款', 3, 1, 100, 0, '0-1-3'),
(6, '衬衫', 4, 1, 100, 0, '0-1-2-4'),
(7, '连衣裙', 4, 1, 100, 1, '0-1-2-4'),
(8, 'T恤', 4, 1, 100, 0, '0-1-2-4'),
(9, '牛仔裤', 4, 1, 100, 0, '0-1-2-4'),
(10, '当季流行', 2, 1, 100, 0, '0-1-2'),
(11, '当季流行', 3, 1, 100, 0, '0-1-3'),
(12, '蕾丝', 10, 1, 100, 0, '0-1-2-10'),
(13, '豹纹', 10, 1, 100, 0, '0-1-2-10'),
(14, '雪纺', 10, 1, 100, 0, '0-1-2-10'),
(16, '高跟鞋', 5, 1, 100, 0, '0-1-3-5'),
(17, '平底鞋', 5, 1, 100, 0, '0-1-3-5'),
(18, '雪地靴', 11, 1, 100, 1, '0-1-3-11'),
(19, '帆布鞋', 11, 1, 100, 0, '0-1-3-11'),
(20, '长靴', 5, 1, 100, 0, '0-1-3-5'),
(21, '吊带', 4, 1, 100, 0, '0-1-2-4'),
(22, '开衫', 4, 1, 100, 0, '0-1-2-4'),
(23, '防晒衣', 4, 1, 100, 0, '0-1-2-4'),
(24, '背带裤', 4, 1, 100, 0, '0-1-2-4'),
(25, '坡跟鞋', 5, 1, 100, 0, '0-1-3-5'),
(26, '松糕鞋', 11, 1, 100, 0, '0-1-3-11'),
(27, '运动鞋', 5, 1, 100, 0, '0-1-3-5'),
(28, '热门风格', 3, 1, 100, 0, '0-1-3'),
(29, '英伦', 28, 1, 100, 0, '0-1-3-28'),
(30, '甜美', 28, 1, 100, 0, '0-1-3-28'),
(31, '性感', 28, 1, 100, 0, '0-1-3-28'),
(32, '朋克', 28, 1, 100, 0, '0-1-3-28'),
(33, '包包', 1, 1, 10000, 0, '0-1'),
(34, '当季热款', 33, 1, 100, 0, '0-1-33'),
(35, '流行包包', 33, 1, 1001, 0, '0-1-33'),
(36, '斜挎包', 34, 1, 100, 0, '0-1-33-34'),
(37, '手提包', 34, 1, 100, 0, '0-1-33-34'),
(38, '复古包', 35, 1, 100, 0, '0-1-33-35'),
(39, '水桶包', 35, 1, 100, 0, '0-1-33-35'),
(40, '编织包', 34, 1, 100, 0, '0-1-33-34'),
(41, '晚宴包', 35, 1, 100, 0, '0-1-33-35');

-- --------------------------------------------------------

--
-- 表的结构 `meili_goods_comments`
--

CREATE TABLE IF NOT EXISTS `meili_goods_comments` (
  `id` int(11) NOT NULL AUTO_INCREMENT,
  `content` text NOT NULL,
  `gid` int(11) NOT NULL,
  `addtime` int(11) NOT NULL,
  `fromuid` int(11) NOT NULL,
  `username` varchar(32) NOT NULL,
  `touid` int(11) NOT NULL,
  `reply_comment_id` int(11) NOT NULL,
  `isread` tinyint(4) NOT NULL DEFAULT '0',
  `status` tinyint(4) NOT NULL DEFAULT '1',
  PRIMARY KEY (`id`)
) ENGINE=MyISAM  DEFAULT CHARSET=utf8 AUTO_INCREMENT=23 ;

--
-- 转存表中的数据 `meili_goods_comments`
--

INSERT INTO `meili_goods_comments` (`id`, `content`, `gid`, `addtime`, `fromuid`, `username`, `touid`, `reply_comment_id`, `isread`, `status`) VALUES
(1, '包包好看', 62, 1354544978, 1, '余法明', 2, 0, 0, 1),
(2, '真心好看', 62, 1354549047, 14, '1214', 2, 0, 0, 1),
(3, 'haohfd', 110, 1354550889, 30, 'ming', 1, 0, 1, 1),
(4, 'ert', 110, 1354550898, 1, '余法明', 30, 3, 1, 1),
(5, 'wert', 110, 1354550910, 30, 'ming', 1, 4, 1, 1),
(6, 'wert', 110, 1354550920, 1, '余法明', 30, 5, 1, 1),
(7, 'wetyu', 110, 1354550926, 30, 'ming', 1, 6, 1, 1),
(8, 'werty', 110, 1354550936, 1, '余法明', 30, 7, 1, 1),
(9, 'w3q4e5d', 110, 1354550944, 30, 'ming', 1, 8, 1, 1),
(10, 'wertyuj', 110, 1354550951, 1, '余法明', 30, 9, 1, 1),
(11, 'wewrteyujswd', 110, 1354550961, 30, 'ming', 1, 10, 1, 1),
(12, 'wertyj', 110, 1354550967, 1, '余法明', 30, 11, 1, 1),
(13, 'werty', 110, 1354550976, 30, 'ming', 1, 12, 1, 1),
(14, 'wqertefc', 110, 1354550998, 1, '余法明', 30, 13, 1, 1),
(15, 'wert', 110, 1354551005, 30, 'ming', 1, 14, 1, 1),
(16, 'ewrtgh', 110, 1354551017, 1, '余法明', 30, 15, 1, 1),
(17, 'ertyh', 110, 1354551027, 30, 'ming', 1, 16, 1, 1),
(18, 'wedf', 110, 1354551040, 1, '余法明', 30, 17, 1, 1),
(19, 'defrghj', 110, 1354551048, 30, 'ming', 1, 18, 1, 1),
(20, 'r3r', 76, 1354581610, 14, '1214', 2, 0, 0, 1),
(21, 'xihuan', 76, 1354585481, 35, '1214222', 2, 0, 0, 1),
(22, '斯蒂芬', 110, 1354586488, 1, '余法明', 30, 19, 0, 1);

-- --------------------------------------------------------

--
-- 表的结构 `meili_goods_likes`
--

CREATE TABLE IF NOT EXISTS `meili_goods_likes` (
  `id` int(11) NOT NULL AUTO_INCREMENT,
  `uid` int(11) NOT NULL,
  `gid` int(11) NOT NULL,
  `addtime` int(11) NOT NULL,
  PRIMARY KEY (`id`)
) ENGINE=MyISAM  DEFAULT CHARSET=utf8 AUTO_INCREMENT=37 ;

--
-- 转存表中的数据 `meili_goods_likes`
--

INSERT INTO `meili_goods_likes` (`id`, `uid`, `gid`, `addtime`) VALUES
(1, 14, 62, 1354549039),
(2, 14, 59, 1354549110),
(3, 1, 110, 1354581222),
(4, 1, 109, 1354581223),
(5, 1, 108, 1354581225),
(6, 1, 107, 1354581226),
(7, 1, 105, 1354581228),
(8, 1, 106, 1354581230),
(9, 1, 101, 1354581233),
(10, 1, 93, 1354581238),
(11, 1, 91, 1354581239),
(12, 1, 92, 1354581241),
(13, 1, 89, 1354581243),
(14, 1, 90, 1354581244),
(15, 1, 95, 1354581247),
(16, 1, 96, 1354581249),
(17, 1, 99, 1354581251),
(18, 1, 104, 1354581254),
(19, 1, 103, 1354581256),
(20, 1, 102, 1354581283),
(21, 1, 56, 1354581290),
(22, 1, 61, 1354581292),
(23, 1, 59, 1354581295),
(24, 1, 50, 1354581297),
(25, 1, 43, 1354581302),
(26, 1, 37, 1354581307),
(27, 1, 31, 1354581315),
(28, 1, 19, 1354581331),
(29, 1, 21, 1354581332),
(30, 1, 22, 1354581333),
(31, 1, 20, 1354581351),
(32, 1, 24, 1354581354),
(33, 1, 23, 1354581355),
(34, 1, 27, 1354581358),
(35, 14, 76, 1354581589),
(36, 35, 76, 1354585419);

-- --------------------------------------------------------

--
-- 表的结构 `meili_menu`
--

CREATE TABLE IF NOT EXISTS `meili_menu` (
  `id` int(11) NOT NULL AUTO_INCREMENT,
  `pid` int(11) NOT NULL,
  `assem` varchar(100) NOT NULL,
  `name` varchar(50) NOT NULL,
  `eng` varchar(20) NOT NULL,
  `status` tinyint(4) NOT NULL DEFAULT '1',
  `groupid` tinyint(4) NOT NULL,
  PRIMARY KEY (`id`)
) ENGINE=MyISAM  DEFAULT CHARSET=utf8 AUTO_INCREMENT=38 ;

--
-- 转存表中的数据 `meili_menu`
--

INSERT INTO `meili_menu` (`id`, `pid`, `assem`, `name`, `eng`, `status`, `groupid`) VALUES
(1, 0, '0', '后台菜单', 'admin', 1, 0),
(2, 1, '0-1', '商品管理', 'goods_group', 1, 1),
(3, 1, '0-1', '内容管理', 'contents_group', 1, 1),
(4, 1, '0-1', '会员管理', 'user_group', 1, 1),
(5, 1, '0-1', '系统设置', 'sys_group', 1, 1),
(6, 2, '0-1-2', '宝贝管理', 'goods', 1, 2),
(7, 6, '0-1-2-6', '宝贝列表', 'index', 1, 3),
(9, 3, '0-1-3', '评论管理', 'goods_comments', 1, 2),
(28, 3, '0-1-3', '专辑管理', 'album', 1, 2),
(11, 5, '0-1-5', '管理员管理', 'admin', 1, 2),
(12, 5, '0-1-5', '菜单管理', 'nav', 1, 2),
(13, 5, '0-1-5', '网站设置', 'setting', 1, 2),
(14, 12, '0-1-5-12', '菜单列表', 'index', 1, 3),
(22, 13, '0-1-5-13', '基本信息', 'index', 1, 3),
(19, 4, '0-1-4', '用户管理', 'user', 1, 2),
(21, 9, '0-1-3-9', '评论列表', 'index', 1, 3),
(23, 19, '0-1-4-19', '用户列表', 'index', 1, 3),
(24, 11, '0-1-5-11', '管理员列表', 'index', 1, 3),
(25, 2, '0-1-2', '宝贝分类', 'goods_cate', 1, 2),
(26, 25, '0-1-2-25', '分类列表', 'index', 1, 3),
(27, 6, '0-1-2-6', '添加宝贝', 'add', 1, 3),
(29, 28, '0-1-3-28', '专辑列表', 'index', 1, 3),
(30, 3, '0-1-3', '专辑分类', 'album_cate', 1, 2),
(31, 30, '0-1-3-30', '分类列表', 'index', 1, 3),
(32, 3, '0-1-3', '广告管理', 'advert', 1, 2),
(33, 32, '0-1-3-32', '广告列表', 'index', 1, 3),
(34, 3, '0-1-3', '友情链接', 'flink', 1, 2),
(35, 34, '0-1-3-34', '链接列表', 'index', 1, 3),
(36, 5, '0-1-5', '角色管理', 'role', 1, 2),
(37, 36, '0-1-5-36', '角色列表', 'index', 1, 3);

-- --------------------------------------------------------

--
-- 表的结构 `meili_navigation`
--

CREATE TABLE IF NOT EXISTS `meili_navigation` (
  `id` int(11) NOT NULL AUTO_INCREMENT,
  `name` varchar(50) NOT NULL,
  `status` tinyint(4) NOT NULL DEFAULT '1',
  PRIMARY KEY (`id`),
  UNIQUE KEY `name` (`name`)
) ENGINE=MyISAM DEFAULT CHARSET=utf8 AUTO_INCREMENT=1 ;

--
-- 转存表中的数据 `meili_navigation`
--


-- --------------------------------------------------------

--
-- 表的结构 `meili_node`
--

CREATE TABLE IF NOT EXISTS `meili_node` (
  `id` tinyint(4) NOT NULL AUTO_INCREMENT,
  `module` varchar(50) NOT NULL,
  `module_name` varchar(50) NOT NULL,
  `action` varchar(50) NOT NULL,
  `action_name` varchar(50) NOT NULL,
  PRIMARY KEY (`id`)
) ENGINE=MyISAM  DEFAULT CHARSET=utf8 AUTO_INCREMENT=52 ;

--
-- 转存表中的数据 `meili_node`
--

INSERT INTO `meili_node` (`id`, `module`, `module_name`, `action`, `action_name`) VALUES
(1, 'goods', '宝贝管理', '', ''),
(2, 'goods', '宝贝管理', 'index', '宝贝列表'),
(3, 'goods', '宝贝管理', 'del', '删除宝贝'),
(4, 'goods', '宝贝管理', 'add', '添加宝贝'),
(5, 'goods_cate', '宝贝分类', '', ''),
(6, 'goods_cate', '宝贝分类', 'index', '分类列表'),
(7, 'goods_comments', '评论管理', '', ''),
(8, 'goods_comments', '评论管理', 'index', '评论列表'),
(9, 'user', '用户管理', '', ''),
(10, 'user', '用户管理', 'index', '用户列表'),
(11, 'admin', '管理员管理', '', ''),
(12, 'admin', '管理员管理', 'index', '管理关列表'),
(13, 'nav', '菜单管理', '', ''),
(14, 'nav', '菜单管理', 'index', '菜单列表'),
(15, 'setting', '网站设置', '', ''),
(16, 'setting', '网站设置', 'index', '基本信息'),
(17, 'role', '角色管理', '', ''),
(18, 'role', '角色管理', 'index', '角色列表'),
(19, 'index', '后台主页', '', ''),
(20, 'index', '后台主页', 'index', '后台头部导航'),
(21, 'index', '后台主页', 'menu', '后台左侧导航'),
(22, 'index', '后台主页', 'current_pos', '路径导航'),
(23, 'index', '后台主页', 'main', '后台信息'),
(24, 'login', '后台主页', 'logout', '退出'),
(25, 'role', '角色管理', 'edit', '角色编辑'),
(26, 'album', '专辑管理', '', ''),
(27, 'album', '专辑管理', 'index', '专辑列表'),
(28, 'album_cate', '专辑分类', '', ''),
(29, 'album_cate', '专辑分类', 'index', '分类列表'),
(30, 'advert', '广告管理', '', ''),
(31, 'advert', '广告管理', 'index', '广告列表'),
(32, 'flink', '友情连接管理', '', ''),
(33, 'flink', '友情连接管理', 'index', '友情链接列表'),
(34, 'goods', '宝贝管理', 'art', '商品列表'),
(35, 'user', '用户管理', 'edit', '编辑用户'),
(36, 'user', '用户管理', 'delete', '删除用户'),
(37, 'user', '用户管理', 'edit', '编辑用户'),
(38, 'user', '用户管理', 'doEdit', '编辑-用户'),
(39, 'user', '用户管理', 'status', '修改用户状态'),
(40, 'admin', '管理员管理', 'add', '添加管理员'),
(41, 'admin', '管理员管理', 'edit', '编辑管理员'),
(42, 'admin', '管理员管理', 'status', '修改管理员状态'),
(43, 'admin', '管理员管理', 'delete', '删除管理员'),
(44, 'role', '角色管理', 'edit', '编辑角色'),
(45, 'role', '角色管理', 'delete', '删除角色'),
(46, 'role', '角色管理', 'doEdit', '编辑-角色'),
(48, 'role', '角色管理', 'add', '添加角色'),
(49, 'role', '角色管理', 'auth', '角色授权'),
(50, 'role', '角色管理', 'auth_submit', '授权提交'),
(51, 'role', '角色管理', 'status', '修改角色状态');

-- --------------------------------------------------------

--
-- 表的结构 `meili_role`
--

CREATE TABLE IF NOT EXISTS `meili_role` (
  `id` int(11) NOT NULL AUTO_INCREMENT,
  `rolename` varchar(30) NOT NULL,
  `description` varchar(255) NOT NULL,
  `status` tinyint(3) unsigned NOT NULL DEFAULT '1',
  `has_node` varchar(500) NOT NULL DEFAULT '19,20,21,22,23,24' COMMENT '用逗号隔开，该角色拥有的可操作节点iD',
  PRIMARY KEY (`id`),
  UNIQUE KEY `rolename` (`rolename`)
) ENGINE=MyISAM  DEFAULT CHARSET=utf8 AUTO_INCREMENT=4 ;

--
-- 转存表中的数据 `meili_role`
--

INSERT INTO `meili_role` (`id`, `rolename`, `description`, `status`, `has_node`) VALUES
(1, '管理员', '管理员', 1, '7,8,9,10,35,36,37,38,39,11,12,40,41,42,43,13,14,15,16,17,18,25,44,45,46,48,49,50,51,19,20,21,22,23,24,26,27,28,29,30,31,32,33'),
(2, '店小二', '店小二', 1, '1,2,3,4,34,5,6,19,20,21,22,23,24'),
(3, '角色3', '呜呜呜呜呜', 1, '19,20,21,22,23,24');

-- --------------------------------------------------------

--
-- 表的结构 `meili_setting`
--

CREATE TABLE IF NOT EXISTS `meili_setting` (
  `id` int(11) NOT NULL AUTO_INCREMENT,
  `name` varchar(100) NOT NULL,
  `value` text NOT NULL,
  PRIMARY KEY (`id`),
  UNIQUE KEY `name` (`name`)
) ENGINE=MyISAM  DEFAULT CHARSET=utf8 AUTO_INCREMENT=37 ;

--
-- 转存表中的数据 `meili_setting`
--

INSERT INTO `meili_setting` (`id`, `name`, `value`) VALUES
(1, 'site_name', '美丽说'),
(2, 'site_title', '美丽说'),
(3, 'site_keyword', '衬衫,连衣裙,雪地靴,淘宝,购物,分享'),
(4, 'site_description', '美丽说，衣服'),
(5, 'site_status', '1'),
(6, 'site_icp', '浙ICP备88888888号'),
(7, 'statistics_code', 'http://www.51.la'),
(8, 'closed_reason', '网站正在维护中......……66666'),
(9, 'site_domain', '8888812345'),
(10, 'taobao_usernick', '蝎子网'),
(11, 'taobao_pid', '16185888'),
(12, 'taobao_appkey', '12504724'),
(13, 'taobao_appsecret', '9d6877190386092d4288dcae32811081'),
(14, 'weibo_url', 'http://weibo.com/b2ctime'),
(15, 'qqweibo_url', ''),
(16, 'renren_url', ''),
(17, '163_url', ''),
(18, 'qqzone_url', ''),
(19, 'douban_url', ''),
(20, 'default_kw', '包'),
(21, 'template', 'default'),
(22, 'taobao_app_key', '12504724'),
(23, 'qq_app_key', '100265282'),
(24, 'qq_app_Secret', 'e23884ea8cb7270700b264463b8168c1'),
(25, 'sina_app_key', '100265282'),
(26, 'sina_app_Secret', 'e23884ea8cb7270700b264463b8168c1'),
(27, 'taobao_app_secret', '9d6877190386092d4288dcae32811081'),
(28, 'url_model', '0'),
(29, 'waterfall_sp', '5'),
(30, 'waterfall_items_num', '5'),
(31, 'client_hash', ''),
(32, 'search_words', '鞋,包,2,3,33,4,44,55,66'),
(33, 'index_pins', '1'),
(34, 'index_album', '1'),
(35, 'index_items', '2'),
(36, 'likes_status', '1');

-- --------------------------------------------------------

--
-- 表的结构 `meili_user`
--

CREATE TABLE IF NOT EXISTS `meili_user` (
  `id` int(11) NOT NULL AUTO_INCREMENT,
  `username` varchar(30) NOT NULL,
  `password` char(32) NOT NULL,
  `sex` tinyint(4) NOT NULL,
  `birthday` char(10) NOT NULL,
  `email` varchar(50) NOT NULL,
  `regtime` int(11) NOT NULL,
  `logintime` int(11) NOT NULL,
  `loginip` varchar(15) NOT NULL,
  `status` tinyint(4) NOT NULL DEFAULT '1',
  `face` varchar(50) NOT NULL,
  `province` varchar(20) NOT NULL,
  `city` varchar(20) NOT NULL,
  `area` varchar(20) NOT NULL,
  `blog` varchar(255) NOT NULL,
  `sign` varchar(200) NOT NULL,
  `fansnum` int(11) NOT NULL,
  `follownum` int(11) NOT NULL,
  `sharenum` int(11) NOT NULL,
  `likenum` int(11) NOT NULL,
  `albumnum` int(11) NOT NULL,
  PRIMARY KEY (`id`),
  UNIQUE KEY `username` (`username`)
) ENGINE=MyISAM  DEFAULT CHARSET=utf8 AUTO_INCREMENT=36 ;

--
-- 转存表中的数据 `meili_user`
--

INSERT INTO `meili_user` (`id`, `username`, `password`, `sex`, `birthday`, `email`, `regtime`, `logintime`, `loginip`, `status`, `face`, `province`, `city`, `area`, `blog`, `sign`, `fansnum`, `follownum`, `sharenum`, `likenum`, `albumnum`) VALUES
(1, '余法明', '96e79218965eb72c92a549dd5a330112', 2, '1998-03-18', 'yfm@yfm.com', 1354539163, 1354586206, '192.168.70.246', 1, '', '广东省', '韶关市', '新丰县', '', '', 23, 2, 0, 0, 0),
(2, '吴伟民', '58cf703f664397ec4f0ac359b84b565c', 2, '', 'kfc@cc.cc', 1354541270, 1354542497, '127.0.0.1', 1, '', '', '', '', '', '', 2, 1, 0, 0, 0),
(3, 'kfc', '58cf703f664397ec4f0ac359b84b565c', 2, '', '123123@123.cc', 1354541490, 1354541490, '127.0.0.1', 1, '', '', '', '', '', '', 0, 0, 0, 0, 0),
(4, 'fcf', '58cf703f664397ec4f0ac359b84b565c', 2, '', 'fcf@h.c', 1354541639, 1354541639, '127.0.0.1', 1, '', '', '', '', '', '', 0, 0, 0, 0, 0),
(5, 'yfm1', '5f8591a3d4fe06393cad53edff27ba05', 2, '', 'y1@11.com', 1354545857, 1354545857, '192.168.70.47', 1, '', '', '', '', '', '', 0, 0, 0, 0, 0),
(6, 'ohoh', '58cf703f664397ec4f0ac359b84b565c', 2, '', 'hhoo@h.c', 1354546228, 1354546228, '127.0.0.1', 1, '', '', '', '', '', '', 0, 0, 0, 0, 0),
(7, 'affafwf', '58cf703f664397ec4f0ac359b84b565c', 2, '', 'wfaf@aw.wadawd', 1354547001, 1354547001, '127.0.0.1', 1, '', '', '', '', '', '', 0, 0, 0, 0, 0),
(8, 'rfeh', 'c67e8aa2326309dea883151e0d28ec40', 2, '', 'iiufhi@wdwa.fiehd', 1354547130, 1354547130, '127.0.0.1', 1, '', '', '', '', '', '', 0, 0, 0, 0, 0),
(9, '555555555555', '9d423a3e4da39e52f965e0b926cd026c', 2, '', '55@44.cc', 1354547504, 1354547504, '127.0.0.1', 1, '', '', '', '', '', '', 0, 0, 0, 0, 0),
(10, 'dwadwa', '58cf703f664397ec4f0ac359b84b565c', 2, '', 'ddd@dad.awd', 1354547724, 1354547724, '127.0.0.1', 1, '', '', '', '', '', '', 0, 0, 0, 0, 0),
(11, '2e2e', 'bda36d731bcc7e96e277fc346bf218a2', 2, '', '2e2e@2e.ee', 1354547871, 1354547871, '127.0.0.1', 1, '', '', '', '', '', '', 1, 0, 0, 0, 0),
(12, '3434', '6846860684f05029abccc09a53cd66f1', 2, '', '3434@ww.dawd', 1354547921, 1354547921, '127.0.0.1', 1, '', '', '', '', '', '', 0, 0, 0, 0, 0),
(13, 'test1', '5f8591a3d4fe06393cad53edff27ba05', 2, '', 't@1.com', 1354548936, 1354548936, '192.168.70.47', 1, '', '', '', '', '', '', 0, 1, 0, 0, 0),
(14, '1214', '58cf703f664397ec4f0ac359b84b565c', 2, '', '123123@ddc.ccc', 1354549024, 1354581230, '127.0.0.1', 1, '', '', '', '', '', '', 1, 2, 0, 0, 0),
(15, 'mtm1', '58cf703f664397ec4f0ac359b84b565c', 2, '', '222@mm.cc', 1354549335, 1354549335, '127.0.0.1', 1, '', '', '', '', '', '', 0, 1, 0, 0, 0),
(16, 'mtm2', '58cf703f664397ec4f0ac359b84b565c', 2, '', 'eeq2eZ@dwd.cw', 1354549417, 1354549417, '127.0.0.1', 1, '', '', '', '', '', '', 1, 1, 0, 0, 0),
(17, 'test2', '5f8591a3d4fe06393cad53edff27ba05', 2, '', 't@2.com', 1354549634, 1354549634, '192.168.70.47', 1, '', '', '', '', '', '', 0, 1, 0, 0, 0),
(18, 'test3', '5f8591a3d4fe06393cad53edff27ba05', 2, '', 't@3.com', 1354549689, 1354549689, '192.168.70.47', 1, '', '', '', '', '', '', 0, 1, 0, 0, 0),
(19, 'mtm3', '58cf703f664397ec4f0ac359b84b565c', 2, '', 'doih2@ad.dw', 1354549703, 1354549703, '127.0.0.1', 1, '', '', '', '', '', '', 0, 1, 0, 0, 0),
(20, 'test4', '5f8591a3d4fe06393cad53edff27ba05', 2, '', 't@4.com', 1354549753, 1354549753, '192.168.70.47', 1, '', '', '', '', '', '', 0, 1, 0, 0, 0),
(21, 'mtm4', '58cf703f664397ec4f0ac359b84b565c', 2, '', 'oijd@wdadm.dw', 1354549757, 1354549757, '127.0.0.1', 1, '', '', '', '', '', '', 0, 1, 0, 0, 0),
(22, 'test5', '5f8591a3d4fe06393cad53edff27ba05', 2, '', 't@5.com', 1354549851, 1354549851, '192.168.70.47', 1, '', '', '', '', '', '', 0, 1, 0, 0, 0),
(23, 'test6', '5f8591a3d4fe06393cad53edff27ba05', 2, '', 't@6.com', 1354549934, 1354549934, '192.168.70.47', 1, '', '', '', '', '', '', 0, 1, 0, 0, 0),
(24, 'test7', '5f8591a3d4fe06393cad53edff27ba05', 2, '', 't@7.com', 1354550084, 1354550084, '192.168.70.47', 1, '', '', '', '', '', '', 0, 1, 0, 0, 0),
(25, 'test8', '5f8591a3d4fe06393cad53edff27ba05', 2, '', 't@8.com', 1354550399, 1354550399, '192.168.70.47', 1, '', '', '', '', '', '', 0, 1, 0, 0, 0),
(26, 'test9', '5f8591a3d4fe06393cad53edff27ba05', 2, '', 't@9.com', 1354550455, 1354550455, '192.168.70.47', 1, '', '', '', '', '', '', 0, 1, 0, 0, 0),
(27, 'test10', '5f8591a3d4fe06393cad53edff27ba05', 2, '', 't@10.com', 1354550527, 1354550527, '192.168.70.47', 1, '', '', '', '', '', '', 0, 1, 0, 0, 0),
(28, 'test11', '5f8591a3d4fe06393cad53edff27ba05', 2, '', 't@11.com', 1354550586, 1354550586, '192.168.70.47', 1, '', '', '', '', '', '', 0, 1, 0, 0, 0),
(29, 'test12', '5f8591a3d4fe06393cad53edff27ba05', 2, '', 't@12.com', 1354550644, 1354550644, '192.168.70.47', 1, '', '', '', '', '', '', 0, 1, 0, 0, 0),
(30, 'ming', '5f8591a3d4fe06393cad53edff27ba05', 2, '', 't@w.com', 1354550868, 1354550868, '192.168.70.47', 1, '', '', '', '', '', '', 0, 1, 0, 0, 0),
(31, 'mtm5', '9e5693ac35a12f3a9c3bada5a083bcda', 2, '', 'm2@2e.2e', 1354550985, 1354550985, '127.0.0.1', 1, '', '', '', '', '', '', 0, 1, 0, 0, 0),
(32, 'lequ', '96e79218965eb72c92a549dd5a330112', 2, '', 'lequ@qq.com', 1354580906, 1354586244, '192.168.70.246', 1, '', '', '', '', '', '', 1, 1, 0, 0, 0),
(33, 'lequ2', '5f8591a3d4fe06393cad53edff27ba05', 2, '', 'lequ2@qq.com', 1354580980, 1354580980, '192.168.70.47', 1, '', '', '', '', '', '', 1, 1, 0, 0, 0),
(34, 'sdd', '5f8591a3d4fe06393cad53edff27ba05', 2, '', 'ssa@ss.ff', 1354581075, 1354581075, '192.168.70.47', 1, '', '', '', '', '', '', 0, 1, 0, 0, 0),
(35, '1214222', '86c6c389eb773b047034392adb8437ac', 2, '', '1214@qq.com', 1354585309, 1354585309, '192.168.70.246', 1, '', '', '', '', '', '', 0, 4, 0, 0, 0);

-- --------------------------------------------------------

--
-- 表的结构 `meili_user_follow`
--

CREATE TABLE IF NOT EXISTS `meili_user_follow` (
  `id` int(11) NOT NULL AUTO_INCREMENT,
  `followid` int(11) NOT NULL,
  `fansid` int(11) NOT NULL,
  `addtime` int(11) NOT NULL,
  PRIMARY KEY (`id`)
) ENGINE=MyISAM  DEFAULT CHARSET=utf8 AUTO_INCREMENT=32 ;

--
-- 转存表中的数据 `meili_user_follow`
--

INSERT INTO `meili_user_follow` (`id`, `followid`, `fansid`, `addtime`) VALUES
(31, 32, 1, 1354586609),
(2, 2, 1, 1354544927),
(3, 13, 1, 1354548956),
(4, 14, 2, 1354549101),
(5, 15, 1, 1354549365),
(6, 16, 1, 1354549605),
(7, 17, 1, 1354549652),
(8, 18, 1, 1354549710),
(9, 19, 1, 1354549714),
(10, 20, 1, 1354549764),
(11, 22, 1, 1354549881),
(12, 23, 1, 1354549947),
(13, 21, 1, 1354549981),
(14, 24, 1, 1354550094),
(15, 25, 1, 1354550409),
(16, 26, 1, 1354550467),
(17, 27, 1, 1354550538),
(18, 28, 1, 1354550599),
(19, 29, 1, 1354550654),
(20, 30, 1, 1354550879),
(21, 31, 1, 1354550996),
(22, 1, 32, 1354580919),
(23, 1, 33, 1354580999),
(24, 33, 1, 1354581008),
(25, 34, 1, 1354581090),
(26, 14, 1, 1354581234),
(27, 35, 2, 1354585534),
(28, 35, 11, 1354585644),
(29, 35, 14, 1354585649),
(30, 35, 16, 1354585657);

-- --------------------------------------------------------

--
-- 表的结构 `meili_user_history`
--

CREATE TABLE IF NOT EXISTS `meili_user_history` (
  `id` int(11) NOT NULL AUTO_INCREMENT,
  `uid` int(11) NOT NULL,
  `hid` int(11) NOT NULL COMMENT '动态对象ID',
  `type` int(11) NOT NULL,
  `content` text NOT NULL,
  `addtime` int(11) NOT NULL,
  `status` tinyint(4) NOT NULL DEFAULT '1',
  PRIMARY KEY (`id`)
) ENGINE=MyISAM  DEFAULT CHARSET=utf8 AUTO_INCREMENT=249 ;

--
-- 转存表中的数据 `meili_user_history`
--

INSERT INTO `meili_user_history` (`id`, `uid`, `hid`, `type`, `content`, `addtime`, `status`) VALUES
(1, 1, 1, 2, '1354540204;20121203211004_462.jpg', 1354540204, 1),
(2, 1, 2, 2, '1354540223;20121203211023_918.jpg', 1354540223, 1),
(3, 1, 3, 2, '1354540240;20121203211040_551.jpg', 1354540240, 1),
(4, 1, 4, 2, '1354540259;20121203211059_984.jpg', 1354540259, 1),
(5, 1, 5, 2, '1354540326;20121203211206_615.jpg', 1354540326, 1),
(6, 1, 6, 2, '1354540353;20121203211233_856.jpg', 1354540353, 1),
(7, 1, 7, 2, '1354540375;20121203211255_383.jpg', 1354540375, 1),
(8, 1, 8, 2, '1354540395;20121203211315_842.jpg', 1354540395, 1),
(9, 1, 9, 2, '1354540420;20121203211340_824.jpg', 1354540420, 1),
(10, 1, 10, 2, '1354540445;20121203211405_398.jpg', 1354540445, 1),
(11, 1, 11, 2, '1354540471;20121203211431_696.jpg', 1354540471, 1),
(12, 1, 12, 2, '1354540483;20121203211443_224.jpg', 1354540483, 1),
(13, 1, 13, 2, '1354540501;20121203211501_719.jpg', 1354540501, 1),
(14, 1, 14, 2, '1354540517;20121203211517_163.jpg', 1354540517, 1),
(15, 1, 15, 2, '1354540548;20121203211548_573.jpg', 1354540548, 1),
(16, 1, 16, 2, '1354540602;20121203211642_730.jpg', 1354540602, 1),
(17, 1, 17, 2, '1354540617;20121203211657_607.jpg', 1354540617, 1),
(18, 1, 18, 2, '1354540634;20121203211714_251.jpg', 1354540634, 1),
(19, 1, 19, 2, '1354540652;20121203211732_364.jpg', 1354540652, 1),
(20, 1, 20, 2, '1354540693;20121203211813_189.jpg', 1354540693, 1),
(21, 1, 21, 2, '1354540712;20121203211832_779.jpg', 1354540712, 1),
(22, 1, 22, 2, '1354540738;20121203211858_189.jpg', 1354540738, 1),
(23, 1, 23, 2, '1354540755;20121203211915_202.jpg', 1354540755, 1),
(24, 1, 24, 2, '1354540774;20121203211934_731.jpg', 1354540774, 1),
(25, 1, 25, 2, '1354540789;20121203211949_503.jpg', 1354540789, 1),
(26, 1, 26, 2, '1354540804;20121203212004_792.jpg', 1354540804, 1),
(27, 1, 27, 2, '1354540816;20121203212016_532.jpg', 1354540816, 1),
(28, 1, 28, 2, '1354540828;20121203212028_450.jpg', 1354540828, 1),
(29, 1, 29, 2, '1354540847;20121203212047_185.jpg', 1354540847, 1),
(30, 1, 30, 2, '1354540865;20121203212105_580.jpg', 1354540865, 1),
(31, 1, 31, 2, '1354540885;20121203212125_227.jpg', 1354540885, 1),
(32, 1, 32, 2, '1354540925;20121203212205_976.jpg', 1354540925, 1),
(33, 1, 33, 2, '1354540952;20121203212232_725.jpg', 1354540952, 1),
(34, 1, 34, 2, '1354540970;20121203212250_597.jpg', 1354540970, 1),
(35, 1, 35, 2, '1354540983;20121203212303_979.jpg', 1354540983, 1),
(36, 1, 36, 2, '1354540997;20121203212317_719.jpg', 1354540997, 1),
(37, 1, 37, 2, '1354541011;20121203212331_236.jpg', 1354541011, 1),
(38, 1, 38, 2, '1354541022;20121203212342_142.jpg', 1354541022, 1),
(39, 1, 39, 2, '1354541036;20121203212356_295.jpg', 1354541036, 1),
(40, 1, 40, 2, '1354541059;20121203212419_900.jpg', 1354541059, 1),
(41, 1, 41, 2, '1354541072;20121203212432_314.jpg', 1354541072, 1),
(42, 1, 42, 2, '1354541087;20121203212447_331.jpg', 1354541087, 1),
(43, 1, 43, 2, '1354541099;20121203212459_108.jpg', 1354541099, 1),
(44, 1, 44, 2, '1354541114;20121203212514_554.jpg', 1354541114, 1),
(45, 1, 45, 2, '1354541134;20121203212534_889.jpg', 1354541134, 1),
(46, 1, 46, 2, '1354541160;20121203212600_489.jpg', 1354541160, 1),
(47, 1, 47, 2, '1354541246;20121203212726_886.jpg', 1354541246, 1),
(48, 1, 48, 2, '1354541280;20121203212800_590.jpg', 1354541280, 1),
(49, 1, 49, 2, '1354541308;20121203212828_126.jpg', 1354541308, 1),
(50, 1, 50, 2, '1354541355;20121203212915_358.jpg', 1354541355, 1),
(51, 1, 51, 2, '1354541391;20121203212951_623.jpg', 1354541391, 1),
(52, 1, 52, 2, '1354541419;20121203213019_416.jpg', 1354541419, 1),
(53, 1, 53, 2, '1354542449;20121203214729_349.jpg', 1354542449, 1),
(54, 2, 54, 2, '1354542568;20121203214928_473.jpg', 1354542568, 1),
(55, 2, 55, 2, '1354542604;20121203215004_147.jpg', 1354542604, 1),
(56, 2, 56, 2, '1354542640;20121203215040_300.jpg', 1354542640, 1),
(57, 2, 57, 2, '1354542677;20121203215117_155.jpg', 1354542677, 1),
(60, 2, 60, 2, '1354542755;20121203215235_893.jpg', 1354542755, 1),
(59, 2, 59, 2, '1354542737;20121203215217_707.jpg', 1354542737, 1),
(61, 2, 61, 2, '1354542772;20121203215252_419.jpg', 1354542772, 1),
(62, 2, 62, 2, '1354542790;20121203215310_413.jpg', 1354542790, 1),
(63, 2, 63, 2, '1354542807;20121203215327_921.jpg', 1354542807, 1),
(64, 2, 64, 2, '1354543269;20121203220109_161.jpg', 1354543269, 1),
(65, 2, 65, 2, '1354543286;20121203220126_639.jpg', 1354543286, 1),
(66, 2, 66, 2, '1354543299;20121203220139_323.jpg', 1354543299, 1),
(67, 2, 67, 2, '1354543313;20121203220153_992.jpg', 1354543313, 1),
(68, 2, 68, 2, '1354543340;20121203220220_198.jpg', 1354543340, 1),
(69, 2, 69, 2, '1354543354;20121203220234_863.jpg', 1354543354, 1),
(70, 2, 70, 2, '1354543372;20121203220252_851.jpg', 1354543372, 1),
(72, 2, 72, 2, '1354543412;20121203220332_234.jpg', 1354543412, 1),
(73, 2, 73, 2, '1354543431;20121203220351_620.jpg', 1354543431, 1),
(74, 2, 74, 2, '1354543447;20121203220407_884.jpg', 1354543447, 1),
(75, 2, 75, 2, '1354543482;20121203220442_476.jpg', 1354543482, 1),
(76, 2, 76, 2, '1354543714;20121203220834_419.jpg', 1354543714, 1),
(77, 2, 77, 2, '1354543729;20121203220849_476.jpg', 1354543729, 1),
(78, 2, 78, 2, '1354544258;20121203221738_593.jpg', 1354544258, 1),
(79, 2, 78, 3, '1354544258;20121203221738_593.jpg', 1354544736, 1),
(80, 2, 77, 3, '1354543729;20121203220849_476.jpg', 1354544739, 1),
(81, 2, 76, 3, '1354543714;20121203220834_419.jpg', 1354544741, 1),
(82, 2, 75, 3, '1354543482;20121203220442_476.jpg', 1354544744, 1),
(83, 2, 74, 3, '1354543447;20121203220407_884.jpg', 1354544748, 1),
(84, 2, 73, 3, '1354543431;20121203220351_620.jpg', 1354544751, 1),
(85, 2, 72, 3, '1354543412;20121203220332_234.jpg', 1354544758, 1),
(86, 2, 70, 3, '1354543372;20121203220252_851.jpg', 1354544762, 1),
(87, 2, 68, 3, '1354543340;20121203220220_198.jpg', 1354544767, 1),
(88, 2, 67, 3, '1354543313;20121203220153_992.jpg', 1354544770, 1),
(89, 2, 69, 3, '1354543354;20121203220234_863.jpg', 1354544774, 1),
(90, 2, 66, 3, '1354543299;20121203220139_323.jpg', 1354544778, 1),
(91, 2, 64, 3, '1354543269;20121203220109_161.jpg', 1354544784, 1),
(92, 2, 63, 3, '1354542807;20121203215327_921.jpg', 1354544788, 1),
(93, 2, 65, 3, '1354543286;20121203220126_639.jpg', 1354544792, 1),
(94, 2, 62, 3, '1354542790;20121203215310_413.jpg', 1354544795, 1),
(95, 2, 57, 3, '1354542677;20121203215117_155.jpg', 1354544799, 1),
(96, 2, 60, 3, '1354542755;20121203215235_893.jpg', 1354544803, 1),
(97, 2, 61, 3, '1354542772;20121203215252_419.jpg', 1354544807, 1),
(98, 2, 59, 3, '1354542737;20121203215217_707.jpg', 1354544811, 1),
(99, 2, 55, 3, '1354542604;20121203215004_147.jpg', 1354544818, 1),
(100, 2, 56, 3, '1354542640;20121203215040_300.jpg', 1354544822, 1),
(101, 2, 54, 3, '1354542568;20121203214928_473.jpg', 1354544826, 1),
(102, 2, 79, 2, '1354545024;20121203223024_290.jpg', 1354545024, 1),
(103, 2, 80, 2, '1354545043;20121203223043_197.jpg', 1354545043, 1),
(104, 1, 81, 2, '1354545057;20121203223057_578.jpg', 1354545057, 1),
(105, 2, 82, 2, '1354545059;20121203223059_634.jpg', 1354545059, 1),
(106, 2, 83, 2, '1354545073;20121203223113_737.jpg', 1354545073, 1),
(107, 2, 84, 2, '1354545093;20121203223133_753.jpg', 1354545093, 1),
(108, 1, 85, 2, '1354545095;20121203223135_411.jpg', 1354545095, 1),
(109, 2, 84, 3, '1354545093;20121203223133_753.jpg', 1354545139, 1),
(110, 2, 83, 3, '1354545073;20121203223113_737.jpg', 1354545141, 1),
(111, 2, 82, 3, '1354545059;20121203223059_634.jpg', 1354545144, 1),
(112, 2, 80, 3, '1354545043;20121203223043_197.jpg', 1354545146, 1),
(113, 2, 86, 2, '1354545209;20121203223329_447.jpg', 1354545209, 1),
(114, 2, 87, 2, '1354545222;20121203223342_898.jpg', 1354545222, 1),
(115, 1, 88, 2, '1354545234;20121203223355_609.jpg', 1354545234, 1),
(116, 2, 89, 2, '1354545239;20121203223359_494.jpg', 1354545239, 1),
(117, 1, 90, 2, '1354545259;20121203223419_329.jpg', 1354545259, 1),
(118, 2, 91, 2, '1354545274;20121203223434_386.jpg', 1354545274, 1),
(119, 2, 92, 2, '1354545289;20121203223449_315.jpg', 1354545289, 1),
(120, 2, 93, 2, '1354545305;20121203223505_672.jpg', 1354545305, 1),
(121, 1, 94, 2, '1354545306;20121203223506_989.jpg', 1354545306, 1),
(122, 2, 95, 2, '1354545319;20121203223519_198.jpg', 1354545319, 1),
(123, 1, 96, 2, '1354545328;20121203223528_429.jpg', 1354545328, 1),
(246, 35, 76, 3, '1354543714;20121203220834_419.jpg', 1354585413, 1),
(125, 1, 98, 2, '1354545414;20121203223654_375.jpg', 1354545414, 1),
(126, 2, 99, 2, '1354545441;20121203223721_457.jpg', 1354545441, 1),
(127, 1, 100, 2, '1354545459;20121203223739_874.jpg', 1354545459, 1),
(128, 2, 101, 2, '1354545487;20121203223807_986.jpg', 1354545487, 1),
(129, 1, 102, 2, '1354545488;20121203223808_108.jpg', 1354545488, 1),
(130, 2, 103, 2, '1354545505;20121203223825_560.jpg', 1354545505, 1),
(131, 1, 104, 2, '1354545513;20121203223833_761.jpg', 1354545513, 1),
(132, 2, 105, 2, '1354545525;20121203223845_933.jpg', 1354545525, 1),
(133, 1, 106, 2, '1354545552;20121203223912_366.jpg', 1354545552, 1),
(134, 1, 107, 2, '1354545592;20121203223952_890.jpg', 1354545592, 1),
(135, 2, 108, 2, '1354545601;20121203224001_732.jpg', 1354545601, 1),
(136, 2, 109, 2, '1354545616;20121203224016_901.jpg', 1354545616, 1),
(137, 1, 110, 2, '1354545617;20121203224017_507.jpg', 1354545617, 1),
(139, 2, 112, 2, '1354545710;20121203224150_999.jpg', 1354545710, 1),
(140, 2, 113, 2, '1354545745;20121203224225_778.jpg', 1354545745, 1),
(141, 2, 114, 2, '1354545777;20121203224257_451.jpg', 1354545777, 1),
(142, 14, 62, 4, '1354542790;20121203215310_413.jpg', 1354549039, 1),
(143, 14, 59, 4, '1354542737;20121203215217_707.jpg', 1354549110, 1),
(144, 13, 110, 3, '1354545617;20121203224017_507.jpg', 1354549196, 1),
(145, 13, 114, 3, '1354545777;20121203224257_451.jpg', 1354549200, 1),
(146, 13, 113, 3, '1354545745;20121203224225_778.jpg', 1354549202, 1),
(147, 13, 112, 3, '1354545710;20121203224150_999.jpg', 1354549208, 1),
(148, 13, 106, 3, '1354545552;20121203223912_366.jpg', 1354549212, 1),
(149, 13, 109, 3, '1354545616;20121203224016_901.jpg', 1354549215, 1),
(150, 13, 108, 3, '1354545601;20121203224001_732.jpg', 1354549218, 1),
(151, 13, 101, 3, '1354545487;20121203223807_986.jpg', 1354549237, 1),
(152, 13, 97, 3, '1354545383;20121203223623_620.jpg', 1354549247, 0),
(153, 13, 110, 3, '1354545617;20121203224017_507.jpg', 1354549257, 1),
(154, 13, 106, 3, '1354545552;20121203223912_366.jpg', 1354549261, 1),
(155, 13, 109, 3, '1354545616;20121203224016_901.jpg', 1354549266, 1),
(156, 13, 112, 3, '1354545710;20121203224150_999.jpg', 1354549272, 1),
(157, 13, 113, 3, '1354545745;20121203224225_778.jpg', 1354549276, 1),
(158, 13, 108, 3, '1354545601;20121203224001_732.jpg', 1354549280, 1),
(159, 13, 103, 3, '1354545505;20121203223825_560.jpg', 1354549285, 1),
(160, 13, 101, 3, '1354545487;20121203223807_986.jpg', 1354549290, 1),
(161, 13, 97, 3, '1354545383;20121203223623_620.jpg', 1354549326, 0),
(162, 13, 95, 3, '1354545319;20121203223519_198.jpg', 1354549331, 1),
(163, 13, 93, 3, '1354545305;20121203223505_672.jpg', 1354549335, 1),
(164, 13, 94, 3, '1354545306;20121203223506_989.jpg', 1354549340, 1),
(165, 13, 90, 3, '1354545259;20121203223419_329.jpg', 1354549348, 1),
(166, 1, 110, 4, '1354545617;20121203224017_507.jpg', 1354581222, 1),
(167, 1, 109, 4, '1354545616;20121203224016_901.jpg', 1354581223, 1),
(168, 1, 108, 4, '1354545601;20121203224001_732.jpg', 1354581225, 1),
(169, 1, 107, 4, '1354545592;20121203223952_890.jpg', 1354581226, 1),
(170, 1, 105, 4, '1354545525;20121203223845_933.jpg', 1354581228, 1),
(171, 1, 106, 4, '1354545552;20121203223912_366.jpg', 1354581230, 1),
(172, 1, 101, 4, '1354545487;20121203223807_986.jpg', 1354581233, 1),
(173, 1, 93, 4, '1354545305;20121203223505_672.jpg', 1354581238, 1),
(174, 1, 91, 4, '1354545274;20121203223434_386.jpg', 1354581239, 1),
(175, 1, 92, 4, '1354545289;20121203223449_315.jpg', 1354581241, 1),
(176, 1, 89, 4, '1354545239;20121203223359_494.jpg', 1354581243, 1),
(177, 1, 90, 4, '1354545259;20121203223419_329.jpg', 1354581244, 1),
(178, 1, 95, 4, '1354545319;20121203223519_198.jpg', 1354581247, 1),
(179, 1, 96, 4, '1354545328;20121203223528_429.jpg', 1354581249, 1),
(180, 1, 99, 4, '1354545441;20121203223721_457.jpg', 1354581251, 1),
(181, 1, 104, 4, '1354545513;20121203223833_761.jpg', 1354581254, 1),
(182, 1, 103, 4, '1354545505;20121203223825_560.jpg', 1354581256, 1),
(183, 1, 102, 4, '1354545488;20121203223808_108.jpg', 1354581283, 1),
(184, 1, 56, 4, '1354542640;20121203215040_300.jpg', 1354581290, 1),
(185, 1, 61, 4, '1354542772;20121203215252_419.jpg', 1354581292, 1),
(186, 1, 59, 4, '1354542737;20121203215217_707.jpg', 1354581295, 1),
(187, 1, 50, 4, '1354541355;20121203212915_358.jpg', 1354581297, 1),
(188, 1, 43, 4, '1354541099;20121203212459_108.jpg', 1354581302, 1),
(189, 1, 37, 4, '1354541011;20121203212331_236.jpg', 1354581307, 1),
(190, 1, 31, 4, '1354540885;20121203212125_227.jpg', 1354581315, 1),
(191, 1, 19, 4, '1354540652;20121203211732_364.jpg', 1354581331, 1),
(192, 1, 21, 4, '1354540712;20121203211832_779.jpg', 1354581332, 1),
(193, 1, 22, 4, '1354540738;20121203211858_189.jpg', 1354581333, 1),
(194, 1, 20, 4, '1354540693;20121203211813_189.jpg', 1354581351, 1),
(195, 1, 24, 4, '1354540774;20121203211934_731.jpg', 1354581354, 1),
(196, 1, 23, 4, '1354540755;20121203211915_202.jpg', 1354581355, 1),
(197, 1, 27, 4, '1354540816;20121203212016_532.jpg', 1354581358, 1),
(198, 1, 29, 3, '1354540847;20121203212047_185.jpg', 1354581374, 1),
(199, 1, 30, 3, '1354540865;20121203212105_580.jpg', 1354581378, 1),
(200, 1, 31, 3, '1354540885;20121203212125_227.jpg', 1354581381, 1),
(201, 1, 26, 3, '1354540804;20121203212004_792.jpg', 1354581384, 1),
(202, 1, 29, 3, '1354540847;20121203212047_185.jpg', 1354581456, 1),
(203, 1, 25, 3, '1354540789;20121203211949_503.jpg', 1354581461, 1),
(204, 1, 30, 3, '1354540865;20121203212105_580.jpg', 1354581466, 1),
(205, 1, 27, 3, '1354540816;20121203212016_532.jpg', 1354581471, 1),
(206, 1, 23, 3, '1354540755;20121203211915_202.jpg', 1354581476, 1),
(207, 1, 24, 3, '1354540774;20121203211934_731.jpg', 1354581481, 1),
(208, 1, 22, 3, '1354540738;20121203211858_189.jpg', 1354581485, 1),
(209, 1, 20, 3, '1354540693;20121203211813_189.jpg', 1354581490, 1),
(210, 1, 19, 3, '1354540652;20121203211732_364.jpg', 1354581495, 1),
(211, 1, 12, 3, '1354540483;20121203211443_224.jpg', 1354581512, 1),
(212, 1, 16, 3, '1354540602;20121203211642_730.jpg', 1354581517, 1),
(213, 1, 17, 3, '1354540617;20121203211657_607.jpg', 1354581522, 1),
(214, 1, 18, 3, '1354540634;20121203211714_251.jpg', 1354581527, 1),
(215, 1, 7, 3, '1354540375;20121203211255_383.jpg', 1354581538, 1),
(216, 1, 10, 3, '1354540445;20121203211405_398.jpg', 1354581546, 1),
(217, 1, 6, 3, '1354540353;20121203211233_856.jpg', 1354581551, 1),
(218, 1, 88, 3, '1354545234;20121203223355_609.jpg', 1354581559, 1),
(219, 1, 87, 3, '1354545222;20121203223342_898.jpg', 1354581564, 1),
(220, 1, 79, 3, '1354545024;20121203223024_290.jpg', 1354581572, 1),
(221, 1, 74, 3, '1354543447;20121203220407_884.jpg', 1354581580, 1),
(222, 1, 72, 3, '1354543412;20121203220332_234.jpg', 1354581586, 1),
(223, 14, 76, 4, '1354543714;20121203220834_419.jpg', 1354581589, 1),
(224, 32, 110, 3, '1354545617;20121203224017_507.jpg', 1354581677, 1),
(225, 32, 114, 3, '1354545777;20121203224257_451.jpg', 1354581680, 1),
(226, 32, 113, 3, '1354545745;20121203224225_778.jpg', 1354581683, 1),
(227, 32, 107, 3, '1354545592;20121203223952_890.jpg', 1354581687, 1),
(228, 32, 112, 3, '1354545710;20121203224150_999.jpg', 1354581690, 1),
(229, 32, 109, 3, '1354545616;20121203224016_901.jpg', 1354581693, 1),
(230, 32, 108, 3, '1354545601;20121203224001_732.jpg', 1354581696, 1),
(231, 32, 105, 3, '1354545525;20121203223845_933.jpg', 1354581700, 1),
(232, 32, 101, 3, '1354545487;20121203223807_986.jpg', 1354581703, 1),
(233, 32, 100, 3, '1354545459;20121203223739_874.jpg', 1354581707, 1),
(234, 32, 99, 3, '1354545441;20121203223721_457.jpg', 1354581710, 1),
(235, 32, 102, 3, '1354545488;20121203223808_108.jpg', 1354581733, 1),
(236, 32, 98, 3, '1354545414;20121203223654_375.jpg', 1354581739, 1),
(237, 32, 97, 3, '1354545383;20121203223623_620.jpg', 1354581743, 0),
(238, 32, 95, 3, '1354545319;20121203223519_198.jpg', 1354581747, 1),
(239, 32, 96, 3, '1354545328;20121203223528_429.jpg', 1354581752, 1),
(240, 32, 93, 3, '1354545305;20121203223505_672.jpg', 1354581757, 1),
(241, 32, 91, 3, '1354545274;20121203223434_386.jpg', 1354581763, 1),
(242, 32, 92, 3, '1354545289;20121203223449_315.jpg', 1354581773, 1),
(243, 32, 90, 3, '1354545259;20121203223419_329.jpg', 1354581780, 1),
(245, 32, 115, 3, '1354582018;20121204084658_516.jpg', 1354582033, 0),
(247, 35, 76, 4, '1354543714;20121203220834_419.jpg', 1354585419, 1),
(248, 1, 107, 3, '1354545592;20121203223952_890.jpg', 1354586311, 1);

-- --------------------------------------------------------

--
-- 表的结构 `meili_user_message`
--

CREATE TABLE IF NOT EXISTS `meili_user_message` (
  `id` int(11) NOT NULL AUTO_INCREMENT,
  `content` text NOT NULL,
  `fromuid` int(11) NOT NULL,
  `listid` int(11) NOT NULL,
  `addtime` int(11) NOT NULL,
  `isread` tinyint(4) NOT NULL DEFAULT '0',
  PRIMARY KEY (`id`)
) ENGINE=MyISAM  DEFAULT CHARSET=utf8 AUTO_INCREMENT=40 ;

--
-- 转存表中的数据 `meili_user_message`
--

INSERT INTO `meili_user_message` (`id`, `content`, `fromuid`, `listid`, `addtime`, `isread`) VALUES
(1, '3r3r3r', 2, 1, 1354544939, 1),
(2, '大赛官方还将公开', 1, 1, 1354544955, 1),
(3, 'r3r3r3r', 2, 1, 1354544962, 1),
(4, 'e22e2e13r', 15, 2, 1354549392, 1),
(5, '333', 16, 3, 1354549627, 1),
(6, 'hi', 17, 4, 1354549665, 1),
(7, '222222222222222', 19, 5, 1354549724, 1),
(8, 'sda', 18, 6, 1354549726, 1),
(9, 'hello', 20, 7, 1354549774, 1),
(10, 'Hi\n', 22, 8, 1354549907, 1),
(11, 'Hello', 23, 9, 1354549958, 1),
(12, '3434', 21, 10, 1354549991, 1),
(13, 'hihi', 24, 11, 1354550122, 1),
(14, 'HelloHi', 25, 12, 1354550422, 1),
(15, 'wqer', 26, 13, 1354550477, 1),
(16, 'qw', 27, 14, 1354550546, 1),
(17, 'qwre', 28, 15, 1354550612, 1),
(18, 'q1qweds', 29, 16, 1354550664, 1),
(19, '去玩撒', 1, 16, 1354550687, 1),
(20, 'asa', 29, 16, 1354550697, 1),
(21, 'dgd v', 1, 16, 1354550707, 1),
(22, 'sddsfge', 29, 16, 1354550716, 1),
(23, 'sdfs', 1, 16, 1354550723, 1),
(24, 'sdfgh', 29, 16, 1354550734, 1),
(25, 'qaqaqaq', 1, 16, 1354550741, 1),
(26, 'sad', 29, 16, 1354550770, 1),
(27, 'adfg', 1, 16, 1354550777, 1),
(28, 'sadfg', 29, 16, 1354550786, 1),
(29, 'asdfg', 1, 16, 1354550792, 1),
(30, 'sdfg', 29, 16, 1354550798, 1),
(31, 'ssadf', 1, 16, 1354550809, 1),
(32, 'safg', 29, 16, 1354550818, 1),
(33, 'afg', 1, 16, 1354550827, 1),
(34, 'derthy', 29, 16, 1354550836, 1),
(35, '3d3d3d', 31, 17, 1354551006, 1),
(36, '是', 1, 16, 1354586464, 0),
(37, 'shdf', 32, 18, 1354586513, 1),
(38, '好丹非素', 1, 18, 1354586529, 1),
(39, '但还是建立', 1, 18, 1354586667, 0);

-- --------------------------------------------------------

--
-- 表的结构 `meili_user_message_list`
--

CREATE TABLE IF NOT EXISTS `meili_user_message_list` (
  `id` int(11) NOT NULL AUTO_INCREMENT,
  `fromuid` int(11) NOT NULL,
  `title` varchar(255) NOT NULL,
  `messnum` int(11) NOT NULL,
  `min_max` varchar(17) NOT NULL,
  `mtime` int(11) NOT NULL,
  `lastmessage` text NOT NULL,
  PRIMARY KEY (`id`)
) ENGINE=MyISAM  DEFAULT CHARSET=utf8 AUTO_INCREMENT=19 ;

--
-- 转存表中的数据 `meili_user_message_list`
--

INSERT INTO `meili_user_message_list` (`id`, `fromuid`, `title`, `messnum`, `min_max`, `mtime`, `lastmessage`) VALUES
(1, 2, '3r3r3r', 3, '1_2', 1354544962, 'a:2:{s:7:&quot;fromuid&quot;;s:1:&quot;2&quot;;s:7:&quot;content&quot;;s:7:&quot;r3r3r3r&quot;;}'),
(2, 15, 'e22e2e13r', 1, '1_15', 1354549392, 'a:2:{s:7:&quot;fromuid&quot;;s:2:&quot;15&quot;;s:7:&quot;content&quot;;s:9:&quot;e22e2e13r&quot;;}'),
(3, 16, '333', 1, '1_16', 1354549627, 'a:2:{s:7:&quot;fromuid&quot;;s:2:&quot;16&quot;;s:7:&quot;content&quot;;s:3:&quot;333&quot;;}'),
(4, 17, 'hi', 1, '1_17', 1354549665, 'a:2:{s:7:&quot;fromuid&quot;;s:2:&quot;17&quot;;s:7:&quot;content&quot;;s:2:&quot;hi&quot;;}'),
(5, 19, '222222222222222', 1, '1_19', 1354549724, 'a:2:{s:7:&quot;fromuid&quot;;s:2:&quot;19&quot;;s:7:&quot;content&quot;;s:15:&quot;222222222222222&quot;;}'),
(6, 18, 'sda', 1, '1_18', 1354549726, 'a:2:{s:7:&quot;fromuid&quot;;s:2:&quot;18&quot;;s:7:&quot;content&quot;;s:3:&quot;sda&quot;;}'),
(7, 20, 'hello', 1, '1_20', 1354549774, 'a:2:{s:7:&quot;fromuid&quot;;s:2:&quot;20&quot;;s:7:&quot;content&quot;;s:5:&quot;hello&quot;;}'),
(8, 22, 'Hi\n', 1, '1_22', 1354549907, 'a:2:{s:7:&quot;fromuid&quot;;s:2:&quot;22&quot;;s:7:&quot;content&quot;;s:3:&quot;Hi\n&quot;;}'),
(9, 23, 'Hello', 1, '1_23', 1354549958, 'a:2:{s:7:&quot;fromuid&quot;;s:2:&quot;23&quot;;s:7:&quot;content&quot;;s:5:&quot;Hello&quot;;}'),
(10, 21, '3434', 1, '1_21', 1354549991, 'a:2:{s:7:&quot;fromuid&quot;;s:2:&quot;21&quot;;s:7:&quot;content&quot;;s:4:&quot;3434&quot;;}'),
(11, 24, 'hihi', 1, '1_24', 1354550122, 'a:2:{s:7:&quot;fromuid&quot;;s:2:&quot;24&quot;;s:7:&quot;content&quot;;s:4:&quot;hihi&quot;;}'),
(12, 25, 'HelloHi', 1, '1_25', 1354550422, 'a:2:{s:7:&quot;fromuid&quot;;s:2:&quot;25&quot;;s:7:&quot;content&quot;;s:7:&quot;HelloHi&quot;;}'),
(13, 26, 'wqer', 1, '1_26', 1354550477, 'a:2:{s:7:&quot;fromuid&quot;;s:2:&quot;26&quot;;s:7:&quot;content&quot;;s:4:&quot;wqer&quot;;}'),
(14, 27, 'qw', 1, '1_27', 1354550546, 'a:2:{s:7:&quot;fromuid&quot;;s:2:&quot;27&quot;;s:7:&quot;content&quot;;s:2:&quot;qw&quot;;}'),
(15, 28, 'qwre', 1, '1_28', 1354550612, 'a:2:{s:7:&quot;fromuid&quot;;s:2:&quot;28&quot;;s:7:&quot;content&quot;;s:4:&quot;qwre&quot;;}'),
(16, 1, 'q1qweds', 18, '1_29', 1354586464, 'a:2:{s:7:&quot;fromuid&quot;;s:1:&quot;1&quot;;s:7:&quot;content&quot;;s:3:&quot;是&quot;;}'),
(17, 31, '3d3d3d', 1, '1_31', 1354551006, 'a:2:{s:7:&quot;fromuid&quot;;s:2:&quot;31&quot;;s:7:&quot;content&quot;;s:6:&quot;3d3d3d&quot;;}'),
(18, 1, 'shdf', 3, '1_32', 1354586667, 'a:2:{s:7:&quot;fromuid&quot;;s:1:&quot;1&quot;;s:7:&quot;content&quot;;s:15:&quot;但还是建立&quot;;}');

-- --------------------------------------------------------

--
-- 表的结构 `meili_user_message_member`
--

CREATE TABLE IF NOT EXISTS `meili_user_message_member` (
  `listid` int(11) NOT NULL,
  `memberid` int(11) NOT NULL
) ENGINE=MyISAM DEFAULT CHARSET=utf8;

--
-- 转存表中的数据 `meili_user_message_member`
--

INSERT INTO `meili_user_message_member` (`listid`, `memberid`) VALUES
(1, 2),
(1, 1),
(2, 15),
(2, 1),
(3, 16),
(3, 1),
(4, 17),
(4, 1),
(5, 19),
(5, 1),
(6, 18),
(6, 1),
(7, 20),
(7, 1),
(8, 22),
(8, 1),
(9, 23),
(9, 1),
(10, 21),
(10, 1),
(11, 24),
(11, 1),
(12, 25),
(12, 1),
(13, 26),
(13, 1),
(14, 27),
(14, 1),
(15, 28),
(15, 1),
(16, 29),
(16, 1),
(17, 31),
(17, 1),
(18, 32),
(18, 1);

-- --------------------------------------------------------

--
-- 表的结构 `meili_user_notice`
--

CREATE TABLE IF NOT EXISTS `meili_user_notice` (
  `id` int(11) NOT NULL AUTO_INCREMENT,
  `content` text NOT NULL,
  `fromuid` int(11) NOT NULL,
  `touid` int(11) NOT NULL,
  `addtime` int(11) NOT NULL,
  `isread` tinyint(4) NOT NULL DEFAULT '0',
  `type` tinyint(4) NOT NULL,
  PRIMARY KEY (`id`)
) ENGINE=MyISAM  DEFAULT CHARSET=utf8 AUTO_INCREMENT=32 ;

--
-- 转存表中的数据 `meili_user_notice`
--

INSERT INTO `meili_user_notice` (`id`, `content`, `fromuid`, `touid`, `addtime`, `isread`, `type`) VALUES
(1, '余法明', 1, 2, 1354544873, 1, 1),
(2, '吴伟民', 2, 1, 1354544927, 1, 1),
(3, 'test1', 13, 1, 1354548956, 1, 1),
(4, '1214', 14, 2, 1354549101, 0, 1),
(5, 'mtm1', 15, 1, 1354549365, 1, 1),
(6, 'mtm2', 16, 1, 1354549605, 1, 1),
(7, 'test2', 17, 1, 1354549652, 1, 1),
(8, 'test3', 18, 1, 1354549710, 1, 1),
(9, 'mtm3', 19, 1, 1354549714, 1, 1),
(10, 'test4', 20, 1, 1354549764, 1, 1),
(11, 'test5', 22, 1, 1354549881, 1, 1),
(12, 'test6', 23, 1, 1354549947, 1, 1),
(13, 'mtm4', 21, 1, 1354549981, 1, 1),
(14, 'test7', 24, 1, 1354550094, 1, 1),
(15, 'test8', 25, 1, 1354550409, 1, 1),
(16, 'test9', 26, 1, 1354550467, 1, 1),
(17, 'test10', 27, 1, 1354550538, 1, 1),
(18, 'test11', 28, 1, 1354550599, 1, 1),
(19, 'test12', 29, 1, 1354550654, 1, 1),
(20, 'ming', 30, 1, 1354550879, 1, 1),
(21, 'mtm5', 31, 1, 1354550996, 1, 1),
(22, '余法明', 1, 32, 1354580919, 1, 1),
(23, '余法明', 1, 33, 1354580999, 1, 1),
(24, 'lequ2', 33, 1, 1354581008, 1, 1),
(25, 'sdd', 34, 1, 1354581090, 1, 1),
(26, '1214', 14, 1, 1354581234, 1, 1),
(27, '1214222', 35, 2, 1354585534, 0, 1),
(28, '1214222', 35, 11, 1354585644, 0, 1),
(29, '1214222', 35, 14, 1354585649, 0, 1),
(30, '1214222', 35, 16, 1354585657, 0, 1),
(31, 'lequ', 32, 1, 1354586609, 1, 1);
